EmpID,EmpName,EmpSalary
101,Nypxz,53251
102,Qmsw,64775
103,Isattxa,60699
104,Nqmwlyld,78389
105,Nhedd,65312
106,Iawearn,61949
107,Ctavd,79051
108,Xqvgy,69651
109,Vjokhtw,41752
110,Tfouxk,67007
111,Yilnzdiw,49317
112,Dbwbdrix,50739
113,Bcur,55796
114,Pxmn,60607
115,Lhdnkfgv,34784
116,Vlhvox,34094
117,Deobex,50305
118,Szoaukgo,52495
119,Cwdxueyc,51383
120,Cmttze,51948
121,Tvnefi,42404
122,Iyvhipp,50624
123,Xgnijv,36245
124,Vdqomhyv,60896
125,Xlhk,32040
126,Edaa,46218
127,Dferohgo,57745
128,Gitp,73701
129,Poxb,40389
130,Dmoith,33165
